[
    {
        "name":"Pizza"
        ,"price":0
        ,"imgsrc":"https://images.pexels.com/photos/724216/pexels-photo-724216.jpeg?auto=compress&cs=tinysrgb&dpr=2&h=650&w=940"
        ,"id":1
        ,"isMostOrdered":true 
        ,"quantity":0
    },
    {
        "name":"Burger"
        ,"price":0
        ,"imgsrc":"https://images.pexels.com/photos/1251198/pexels-photo-1251198.jpeg?auto=compress&cs=tinysrgb&dpr=2&h=650&w=940"
        ,"id":2
        ,"isMostOrdered":true
        ,"quantity":0
     },

     {
         "name":"Fries",
         "price":0
         ,"imgsrc":"https://images.pexels.com/photos/115740/pexels-photo-115740.jpeg?auto=compress&cs=tinysrgb&dpr=2&h=650&w=940"
         ,"id":3
         ,"isMostOrdered":false
         ,"quantity":0
    },

    {
        "name":"Italian"
        ,"price":0
        ,"imgsrc":"https://images.pexels.com/photos/803963/pexels-photo-803963.jpeg?auto=compress&cs=tinysrgb&dpr=2&h=350"
        ,"id":4 
        ,"isMostOrdered":true
        ,"quantity":0
    },
    {
        "name":"Icecreams"
        ,"price":0
        ,"imgsrc":"https://images.pexels.com/photos/461430/pexels-photo-461430.jpeg?auto=compress&cs=tinysrgb&dpr=2&h=350"
        ,"id":5 
        ,"isMostOrdered":false
        ,"quantity":0
    },
    {
        "name":"Juice"
        ,"price":0
        ,"imgsrc":"https://images.pexels.com/photos/109275/pexels-photo-109275.jpeg?auto=compress&cs=tinysrgb&dpr=2&h=350"
        ,"id":6
        ,"isMostOrdered":false
        ,"quantity":0
     },

     {
        "name":"Deserts",
        "price":0,
        "imgsrc":"https://images.pexels.com/photos/461430/pexels-photo-461430.jpeg?auto=compress&cs=tinysrgb&dpr=2&h=350",
        "id":7,
        "isMostOrdered":false,
        "quantity":0 
        },
     {
        "name":"Dosa",
        "price":0,
        "imgsrc":"https://images.pexels.com/photos/221143/pexels-photo-221143.jpeg?auto=compress&cs=tinysrgb&dpr=2&h=650&w=940",
        "id":8,
        "isMostOrdered":true,
        "quantity":0 
     },

     {
        "name":"Roti",
        "price":0,
        "imgsrc":"https://images.pexels.com/photos/1179803/pexels-photo-1179803.jpeg?auto=compress&cs=tinysrgb&dpr=2&h=650&w=940",
        "id":9,
        "isMostOrdered":false,
        "quantity":0 
     },
     {
        "name":"Frankie",
        "price":0,
        "imgsrc":"https://images.pexels.com/photos/461198/pexels-photo-461198.jpeg?auto=compress&cs=tinysrgb&dpr=2&h=650&w=940",
        "id":10,
        "isMostOrdered":true,
        "quantity":0 
     },

     {
        "name":"Bread",
        "price":0,
        "imgsrc":"https://images.pexels.com/photos/708488/pexels-photo-708488.jpeg?auto=compress&cs=tinysrgb&dpr=2&h=650&w=940",
        "id":11,
        "isMostOrdered":true,
        "quantity":0 
     },
     {
        "name":"doughnut",
        "price":0,
        "imgsrc":"https://images.pexels.com/photos/928475/pexels-photo-928475.jpeg?auto=compress&cs=tinysrgb&dpr=2&h=650&w=940",
        "id":12,
        "isMostOrdered":false,
        "quantity":0 
     },

     {
        "name":"naan",
        "price":0,
        "imgsrc":"https://images.pexels.com/photos/1117862/pexels-photo-1117862.jpeg?auto=compress&cs=tinysrgb&dpr=2&h=650&w=940",
        "id":13,
        "isMostOrdered":false,
        "quantity":0 
     },
     {
        "name":"cakes",
        "price":0,
        "imgsrc":"https://images.pexels.com/photos/69817/france-confectionery-raspberry-cake-fruit-69817.jpeg?auto=compress&cs=tinysrgb&dpr=2&h=650&w=940",
        "id":14,
        "isMostOrdered":true,
        "quantity":0 
     },
     {
        "name":"fruits",
        "price":0,
        "imgsrc":"https://images.pexels.com/photos/1132047/pexels-photo-1132047.jpeg?auto=compress&cs=tinysrgb&dpr=2&h=650&w=940",
        "id":15,
        "isMostOrdered":true,
        "quantity":0 
     },

    ]